[{"model": "contenttypes.contenttype", "pk": 1, "fields": {"app_label": "admin", "model": "logentry"}}, {"model": "contenttypes.contenttype", "pk": 2, "fields": {"app_label": "auth", "model": "permission"}}, {"model": "contenttypes.contenttype", "pk": 3, "fields": {"app_label": "auth", "model": "group"}}, {"model": "contenttypes.contenttype", "pk": 4, "fields": {"app_label": "auth", "model": "user"}}, {"model": "contenttypes.contenttype", "pk": 5, "fields": {"app_label": "contenttypes", "model": "contenttype"}}, {"model": "contenttypes.contenttype", "pk": 6, "fields": {"app_label": "sessions", "model": "session"}}, {"model": "contenttypes.contenttype", "pk": 7, "fields": {"app_label": "blog", "model": "blog"}}, {"model": "contenttypes.contenttype", "pk": 8, "fields": {"app_label": "blog", "model": "blogtype"}}, {"model": "contenttypes.contenttype", "pk": 9, "fields": {"app_label": "read_statistics", "model": "readdetail"}}, {"model": "contenttypes.contenttype", "pk": 10, "fields": {"app_label": "read_statistics", "model": "readnum"}}, {"model": "contenttypes.contenttype", "pk": 11, "fields": {"app_label": "comment", "model": "comment"}}, {"model": "contenttypes.contenttype", "pk": 12, "fields": {"app_label": "likes", "model": "likecount"}}, {"model": "contenttypes.contenttype", "pk": 13, "fields": {"app_label": "likes", "model": "likerecord"}}, {"model": "contenttypes.contenttype", "pk": 14, "fields": {"app_label": "user", "model": "profile"}}, {"model": "sessions.session", "pk": "b524iiwfk3ylxq6asy40s2r1wvxxk57c", "fields": {"session_data": "ZTI4NTgwMmYzZTIzNjJkMzkyODFhYzkzZmVhYzA2OGVhMDE5NDM3Nzp7Il9hdXRoX3VzZXJfaWQiOiIxIiwiX2F1dGhfdXNlcl9iYWNrZW5kIjoiZGphbmdvLmNvbnRyaWIuYXV0aC5iYWNrZW5kcy5Nb2RlbEJhY2tlbmQiLCJfYXV0aF91c2VyX2hhc2giOiI1NWQ4OWYyNzMyNjM1OTgxYTg5YjhlNTZiZDAzMzgxYmUyZjM3NjU5In0=", "expire_date": "2018-11-22T08:34:24Z"}}, {"model": "sessions.session", "pk": "okplaqz53o6kfr60n4vlc61tkizqgb9u", "fields": {"session_data": "MDczOWZiZmJmYWMyMmQ5YzQxNDczM2RkMmE1YTkxZjI0Y2Y0Y2Y3Yzp7InNlbmRfY29kZV90aW1lIjoxNTQxMTc5NjY2LCJfYXV0aF91c2VyX2lkIjoiMSIsIl9hdXRoX3VzZXJfYmFja2VuZCI6ImRqYW5nby5jb250cmliLmF1dGguYmFja2VuZHMuTW9kZWxCYWNrZW5kIiwiX2F1dGhfdXNlcl9oYXNoIjoiNTVkODlmMjczMjYzNTk4MWE4OWI4ZTU2YmQwMzM4MWJlMmYzNzY1OSJ9", "expire_date": "2018-11-16T17:28:15Z"}}, {"model": "blog.blogtype", "pk": 1, "fields": {"type_name": "Django"}}, {"model": "blog.blogtype", "pk": 2, "fields": {"type_name": "\u611f\u609f"}}, {"model": "blog.blogtype", "pk": 3, "fields": {"type_name": "\u968f\u7b14"}}, {"model": "read_statistics.readnum", "pk": 1, "fields": {"read_num": 4, "content_type": 7, "object_id": 1}}, {"model": "read_statistics.readnum", "pk": 2, "fields": {"read_num": 1, "content_type": 7, "object_id": 2}}, {"model": "read_statistics.readnum", "pk": 3, "fields": {"read_num": 1, "content_type": 7, "object_id": 5}}, {"model": "read_statistics.readnum", "pk": 4, "fields": {"read_num": 4, "content_type": 7, "object_id": 41}}, {"model": "read_statistics.readdetail", "pk": 1, "fields": {"date": "2018-10-28", "read_num": 1, "content_type": 7, "object_id": 1}}, {"model": "read_statistics.readdetail", "pk": 2, "fields": {"date": "2018-10-30", "read_num": 1, "content_type": 7, "object_id": 1}}, {"model": "read_statistics.readdetail", "pk": 3, "fields": {"date": "2018-10-30", "read_num": 1, "content_type": 7, "object_id": 2}}, {"model": "read_statistics.readdetail", "pk": 4, "fields": {"date": "2018-11-02", "read_num": 2, "content_type": 7, "object_id": 1}}, {"model": "read_statistics.readdetail", "pk": 5, "fields": {"date": "2018-11-02", "read_num": 1, "content_type": 7, "object_id": 5}}, {"model": "read_statistics.readdetail", "pk": 6, "fields": {"date": "2018-11-02", "read_num": 1, "content_type": 7, "object_id": 41}}, {"model": "read_statistics.readdetail", "pk": 7, "fields": {"date": "2018-11-03", "read_num": 1, "content_type": 7, "object_id": 41}}, {"model": "read_statistics.readdetail", "pk": 8, "fields": {"date": "2018-11-08", "read_num": 1, "content_type": 7, "object_id": 41}}, {"model": "read_statistics.readdetail", "pk": 9, "fields": {"date": "2018-11-09", "read_num": 1, "content_type": 7, "object_id": 41}}, {"model": "likes.likecount", "pk": 1, "fields": {"content_type": 7, "object_id": 1, "liked_num": 1}}, {"model": "likes.likecount", "pk": 2, "fields": {"content_type": 7, "object_id": 2, "liked_num": 0}}, {"model": "likes.likecount", "pk": 3, "fields": {"content_type": 7, "object_id": 3, "liked_num": 0}}, {"model": "likes.likecount", "pk": 4, "fields": {"content_type": 7, "object_id": 4, "liked_num": 0}}, {"model": "likes.likecount", "pk": 5, "fields": {"content_type": 7, "object_id": 5, "liked_num": 0}}, {"model": "likes.likecount", "pk": 6, "fields": {"content_type": 7, "object_id": 6, "liked_num": 0}}, {"model": "likes.likecount", "pk": 7, "fields": {"content_type": 7, "object_id": 7, "liked_num": 0}}, {"model": "likes.likecount", "pk": 8, "fields": {"content_type": 11, "object_id": 1, "liked_num": 1}}, {"model": "likes.likecount", "pk": 9, "fields": {"content_type": 11, "object_id": 2, "liked_num": 1}}, {"model": "likes.likecount", "pk": 10, "fields": {"content_type": 7, "object_id": 8, "liked_num": 0}}, {"model": "likes.likecount", "pk": 11, "fields": {"content_type": 7, "object_id": 9, "liked_num": 0}}, {"model": "likes.likecount", "pk": 12, "fields": {"content_type": 7, "object_id": 10, "liked_num": 0}}, {"model": "likes.likecount", "pk": 13, "fields": {"content_type": 7, "object_id": 11, "liked_num": 0}}, {"model": "likes.likecount", "pk": 14, "fields": {"content_type": 7, "object_id": 12, "liked_num": 0}}, {"model": "likes.likecount", "pk": 15, "fields": {"content_type": 7, "object_id": 13, "liked_num": 0}}, {"model": "likes.likecount", "pk": 16, "fields": {"content_type": 7, "object_id": 14, "liked_num": 0}}, {"model": "likes.likecount", "pk": 17, "fields": {"content_type": 11, "object_id": 3, "liked_num": 0}}, {"model": "likes.likecount", "pk": 18, "fields": {"content_type": 7, "object_id": 42, "liked_num": 0}}, {"model": "likes.likecount", "pk": 19, "fields": {"content_type": 7, "object_id": 41, "liked_num": 1}}, {"model": "likes.likecount", "pk": 20, "fields": {"content_type": 11, "object_id": 4, "liked_num": 0}}, {"model": "likes.likecount", "pk": 21, "fields": {"content_type": 11, "object_id": 6, "liked_num": 0}}, {"model": "likes.likecount", "pk": 22, "fields": {"content_type": 11, "object_id": 5, "liked_num": 0}}, {"model": "likes.likecount", "pk": 23, "fields": {"content_type": 11, "object_id": 8, "liked_num": 0}}, {"model": "likes.likecount", "pk": 24, "fields": {"content_type": 11, "object_id": 7, "liked_num": 0}}, {"model": "likes.likecount", "pk": 25, "fields": {"content_type": 11, "object_id": 9, "liked_num": 0}}, {"model": "auth.permission", "pk": 1, "fields": {"name": "Can add log entry", "content_type": 1, "codename": "add_logentry"}}, {"model": "auth.permission", "pk": 2, "fields": {"name": "Can change log entry", "content_type": 1, "codename": "change_logentry"}}, {"model": "auth.permission", "pk": 3, "fields": {"name": "Can delete log entry", "content_type": 1, "codename": "delete_logentry"}}, {"model": "auth.permission", "pk": 4, "fields": {"name": "Can add permission", "content_type": 2, "codename": "add_permission"}}, {"model": "auth.permission", "pk": 5, "fields": {"name": "Can change permission", "content_type": 2, "codename": "change_permission"}}, {"model": "auth.permission", "pk": 6, "fields": {"name": "Can delete permission", "content_type": 2, "codename": "delete_permission"}}, {"model": "auth.permission", "pk": 7, "fields": {"name": "Can add group", "content_type": 3, "codename": "add_group"}}, {"model": "auth.permission", "pk": 8, "fields": {"name": "Can change group", "content_type": 3, "codename": "change_group"}}, {"model": "auth.permission", "pk": 9, "fields": {"name": "Can delete group", "content_type": 3, "codename": "delete_group"}}, {"model": "auth.permission", "pk": 10, "fields": {"name": "Can add user", "content_type": 4, "codename": "add_user"}}, {"model": "auth.permission", "pk": 11, "fields": {"name": "Can change user", "content_type": 4, "codename": "change_user"}}, {"model": "auth.permission", "pk": 12, "fields": {"name": "Can delete user", "content_type": 4, "codename": "delete_user"}}, {"model": "auth.permission", "pk": 13, "fields": {"name": "Can add content type", "content_type": 5, "codename": "add_contenttype"}}, {"model": "auth.permission", "pk": 14, "fields": {"name": "Can change content type", "content_type": 5, "codename": "change_contenttype"}}, {"model": "auth.permission", "pk": 15, "fields": {"name": "Can delete content type", "content_type": 5, "codename": "delete_contenttype"}}, {"model": "auth.permission", "pk": 16, "fields": {"name": "Can add session", "content_type": 6, "codename": "add_session"}}, {"model": "auth.permission", "pk": 17, "fields": {"name": "Can change session", "content_type": 6, "codename": "change_session"}}, {"model": "auth.permission", "pk": 18, "fields": {"name": "Can delete session", "content_type": 6, "codename": "delete_session"}}, {"model": "auth.permission", "pk": 19, "fields": {"name": "Can add blog", "content_type": 7, "codename": "add_blog"}}, {"model": "auth.permission", "pk": 20, "fields": {"name": "Can change blog", "content_type": 7, "codename": "change_blog"}}, {"model": "auth.permission", "pk": 21, "fields": {"name": "Can delete blog", "content_type": 7, "codename": "delete_blog"}}, {"model": "auth.permission", "pk": 22, "fields": {"name": "Can add blog type", "content_type": 8, "codename": "add_blogtype"}}, {"model": "auth.permission", "pk": 23, "fields": {"name": "Can change blog type", "content_type": 8, "codename": "change_blogtype"}}, {"model": "auth.permission", "pk": 24, "fields": {"name": "Can delete blog type", "content_type": 8, "codename": "delete_blogtype"}}, {"model": "auth.permission", "pk": 25, "fields": {"name": "Can add read detail", "content_type": 9, "codename": "add_readdetail"}}, {"model": "auth.permission", "pk": 26, "fields": {"name": "Can change read detail", "content_type": 9, "codename": "change_readdetail"}}, {"model": "auth.permission", "pk": 27, "fields": {"name": "Can delete read detail", "content_type": 9, "codename": "delete_readdetail"}}, {"model": "auth.permission", "pk": 28, "fields": {"name": "Can add read num", "content_type": 10, "codename": "add_readnum"}}, {"model": "auth.permission", "pk": 29, "fields": {"name": "Can change read num", "content_type": 10, "codename": "change_readnum"}}, {"model": "auth.permission", "pk": 30, "fields": {"name": "Can delete read num", "content_type": 10, "codename": "delete_readnum"}}, {"model": "auth.permission", "pk": 31, "fields": {"name": "Can add comment", "content_type": 11, "codename": "add_comment"}}, {"model": "auth.permission", "pk": 32, "fields": {"name": "Can change comment", "content_type": 11, "codename": "change_comment"}}, {"model": "auth.permission", "pk": 33, "fields": {"name": "Can delete comment", "content_type": 11, "codename": "delete_comment"}}, {"model": "auth.permission", "pk": 34, "fields": {"name": "Can add like count", "content_type": 12, "codename": "add_likecount"}}, {"model": "auth.permission", "pk": 35, "fields": {"name": "Can change like count", "content_type": 12, "codename": "change_likecount"}}, {"model": "auth.permission", "pk": 36, "fields": {"name": "Can delete like count", "content_type": 12, "codename": "delete_likecount"}}, {"model": "auth.permission", "pk": 37, "fields": {"name": "Can add like record", "content_type": 13, "codename": "add_likerecord"}}, {"model": "auth.permission", "pk": 38, "fields": {"name": "Can change like record", "content_type": 13, "codename": "change_likerecord"}}, {"model": "auth.permission", "pk": 39, "fields": {"name": "Can delete like record", "content_type": 13, "codename": "delete_likerecord"}}, {"model": "auth.permission", "pk": 40, "fields": {"name": "Can add profile", "content_type": 14, "codename": "add_profile"}}, {"model": "auth.permission", "pk": 41, "fields": {"name": "Can change profile", "content_type": 14, "codename": "change_profile"}}, {"model": "auth.permission", "pk": 42, "fields": {"name": "Can delete profile", "content_type": 14, "codename": "delete_profile"}}, {"model": "auth.user", "pk": 1, "fields": {"password": "pbkdf2_sha256$100000$3MRJM4vsmDOG$sC4hKD0GLlZ045JpmKtRbBwSM3GJ8bWGUe+BuQtuxhw=", "last_login": "2018-11-08T08:34:24Z", "is_superuser": true, "username": "gy334", "first_name": "", "last_name": "", "email": "769188034@qq.com", "is_staff": true, "is_active": true, "date_joined": "2018-10-21T05:43:48Z", "groups": [], "user_permissions": []}}, {"model": "blog.blog", "pk": 1, "fields": {"title": "for 0", "blog_type": 1, "content": "xxxxxxxx: 0", "author": 1, "create_time": "2018-10-21T06:05:52Z", "last_updated_time": "2018-10-21T06:05:52Z"}}, {"model": "blog.blog", "pk": 2, "fields": {"title": "for 1", "blog_type": 1, "content": "xxxxxxxx: 1", "author": 1, "create_time": "2018-10-21T06:05:52Z", "last_updated_time": "2018-10-21T06:05:52Z"}}, {"model": "blog.blog", "pk": 3, "fields": {"title": "for 2", "blog_type": 1, "content": "xxxxxxxx: 2", "author": 1, "create_time": "2018-10-21T06:05:52Z", "last_updated_time": "2018-10-21T06:05:52Z"}}, {"model": "blog.blog", "pk": 4, "fields": {"title": "for 3", "blog_type": 1, "content": "xxxxxxxx: 3", "author": 1, "create_time": "2018-10-21T06:05:52Z", "last_updated_time": "2018-10-21T06:05:52Z"}}, {"model": "blog.blog", "pk": 5, "fields": {"title": "for 4", "blog_type": 1, "content": "xxxxxxxx: 4", "author": 1, "create_time": "2018-10-21T06:05:52Z", "last_updated_time": "2018-10-21T06:05:52Z"}}, {"model": "blog.blog", "pk": 6, "fields": {"title": "for 5", "blog_type": 1, "content": "xxxxxxxx: 5", "author": 1, "create_time": "2018-10-21T06:05:52Z", "last_updated_time": "2018-10-21T06:05:52Z"}}, {"model": "blog.blog", "pk": 7, "fields": {"title": "for 6", "blog_type": 1, "content": "xxxxxxxx: 6", "author": 1, "create_time": "2018-10-21T06:05:52Z", "last_updated_time": "2018-10-21T06:05:52Z"}}, {"model": "blog.blog", "pk": 8, "fields": {"title": "for 7", "blog_type": 1, "content": "xxxxxxxx: 7", "author": 1, "create_time": "2018-10-21T06:05:52Z", "last_updated_time": "2018-10-21T06:05:52Z"}}, {"model": "blog.blog", "pk": 9, "fields": {"title": "for 8", "blog_type": 1, "content": "xxxxxxxx: 8", "author": 1, "create_time": "2018-10-21T06:05:52Z", "last_updated_time": "2018-10-21T06:05:52Z"}}, {"model": "blog.blog", "pk": 10, "fields": {"title": "for 9", "blog_type": 1, "content": "xxxxxxxx: 9", "author": 1, "create_time": "2018-10-21T06:05:52Z", "last_updated_time": "2018-10-21T06:05:52Z"}}, {"model": "blog.blog", "pk": 11, "fields": {"title": "for 10", "blog_type": 1, "content": "xxxxxxxx: 10", "author": 1, "create_time": "2018-10-21T06:05:52Z", "last_updated_time": "2018-10-21T06:05:52Z"}}, {"model": "blog.blog", "pk": 12, "fields": {"title": "for 11", "blog_type": 1, "content": "xxxxxxxx: 11", "author": 1, "create_time": "2018-10-21T06:05:52Z", "last_updated_time": "2018-10-21T06:05:52Z"}}, {"model": "blog.blog", "pk": 13, "fields": {"title": "for 12", "blog_type": 1, "content": "xxxxxxxx: 12", "author": 1, "create_time": "2018-10-21T06:05:52Z", "last_updated_time": "2018-10-21T06:05:52Z"}}, {"model": "blog.blog", "pk": 14, "fields": {"title": "for 13", "blog_type": 1, "content": "xxxxxxxx: 13", "author": 1, "create_time": "2018-10-21T06:05:52Z", "last_updated_time": "2018-10-21T06:05:52Z"}}, {"model": "blog.blog", "pk": 15, "fields": {"title": "for 14", "blog_type": 1, "content": "xxxxxxxx: 14", "author": 1, "create_time": "2018-10-21T06:05:52Z", "last_updated_time": "2018-10-21T06:05:52Z"}}, {"model": "blog.blog", "pk": 16, "fields": {"title": "for 15", "blog_type": 1, "content": "xxxxxxxx: 15", "author": 1, "create_time": "2018-10-21T06:05:52Z", "last_updated_time": "2018-10-21T06:05:52Z"}}, {"model": "blog.blog", "pk": 17, "fields": {"title": "for 16", "blog_type": 1, "content": "xxxxxxxx: 16", "author": 1, "create_time": "2018-10-21T06:05:52Z", "last_updated_time": "2018-10-21T06:05:52Z"}}, {"model": "blog.blog", "pk": 18, "fields": {"title": "for 17", "blog_type": 1, "content": "xxxxxxxx: 17", "author": 1, "create_time": "2018-10-21T06:05:52Z", "last_updated_time": "2018-10-21T06:05:52Z"}}, {"model": "blog.blog", "pk": 19, "fields": {"title": "for 18", "blog_type": 1, "content": "xxxxxxxx: 18", "author": 1, "create_time": "2018-10-21T06:05:52Z", "last_updated_time": "2018-10-21T06:05:52Z"}}, {"model": "blog.blog", "pk": 20, "fields": {"title": "for 19", "blog_type": 1, "content": "xxxxxxxx: 19", "author": 1, "create_time": "2018-10-21T06:05:52Z", "last_updated_time": "2018-10-21T06:05:52Z"}}, {"model": "blog.blog", "pk": 21, "fields": {"title": "for 20", "blog_type": 1, "content": "xxxxxxxx: 20", "author": 1, "create_time": "2018-10-21T06:05:52Z", "last_updated_time": "2018-10-21T06:05:52Z"}}, {"model": "blog.blog", "pk": 22, "fields": {"title": "for 21", "blog_type": 1, "content": "xxxxxxxx: 21", "author": 1, "create_time": "2018-10-21T06:05:52Z", "last_updated_time": "2018-10-21T06:05:52Z"}}, {"model": "blog.blog", "pk": 23, "fields": {"title": "for 22", "blog_type": 1, "content": "xxxxxxxx: 22", "author": 1, "create_time": "2018-10-21T06:05:52Z", "last_updated_time": "2018-10-21T06:05:52Z"}}, {"model": "blog.blog", "pk": 24, "fields": {"title": "for 23", "blog_type": 1, "content": "xxxxxxxx: 23", "author": 1, "create_time": "2018-10-21T06:05:52Z", "last_updated_time": "2018-10-21T06:05:52Z"}}, {"model": "blog.blog", "pk": 25, "fields": {"title": "for 24", "blog_type": 1, "content": "xxxxxxxx: 24", "author": 1, "create_time": "2018-10-21T06:05:52Z", "last_updated_time": "2018-10-21T06:05:52Z"}}, {"model": "blog.blog", "pk": 26, "fields": {"title": "for 25", "blog_type": 1, "content": "xxxxxxxx: 25", "author": 1, "create_time": "2018-10-21T06:05:52Z", "last_updated_time": "2018-10-21T06:05:52Z"}}, {"model": "blog.blog", "pk": 27, "fields": {"title": "for 26", "blog_type": 1, "content": "xxxxxxxx: 26", "author": 1, "create_time": "2018-10-21T06:05:52Z", "last_updated_time": "2018-10-21T06:05:52Z"}}, {"model": "blog.blog", "pk": 28, "fields": {"title": "for 27", "blog_type": 1, "content": "xxxxxxxx: 27", "author": 1, "create_time": "2018-10-21T06:05:52Z", "last_updated_time": "2018-10-21T06:05:52Z"}}, {"model": "blog.blog", "pk": 29, "fields": {"title": "for 28", "blog_type": 1, "content": "xxxxxxxx: 28", "author": 1, "create_time": "2018-10-21T06:05:52Z", "last_updated_time": "2018-10-21T06:05:52Z"}}, {"model": "blog.blog", "pk": 30, "fields": {"title": "for 29", "blog_type": 1, "content": "xxxxxxxx: 29", "author": 1, "create_time": "2018-10-21T06:05:52Z", "last_updated_time": "2018-10-21T06:05:52Z"}}, {"model": "blog.blog", "pk": 31, "fields": {"title": "for 30", "blog_type": 1, "content": "xxxxxxxx: 30", "author": 1, "create_time": "2018-10-21T06:05:52Z", "last_updated_time": "2018-10-21T06:05:52Z"}}, {"model": "blog.blog", "pk": 32, "fields": {"title": "for 31", "blog_type": 1, "content": "xxxxxxxx: 31", "author": 1, "create_time": "2018-10-21T06:05:52Z", "last_updated_time": "2018-10-21T06:05:52Z"}}, {"model": "blog.blog", "pk": 33, "fields": {"title": "for 32", "blog_type": 1, "content": "xxxxxxxx: 32", "author": 1, "create_time": "2018-10-21T06:05:52Z", "last_updated_time": "2018-10-21T06:05:52Z"}}, {"model": "blog.blog", "pk": 34, "fields": {"title": "for 33", "blog_type": 1, "content": "xxxxxxxx: 33", "author": 1, "create_time": "2018-10-21T06:05:52Z", "last_updated_time": "2018-10-21T06:05:52Z"}}, {"model": "blog.blog", "pk": 35, "fields": {"title": "for 34", "blog_type": 1, "content": "xxxxxxxx: 34", "author": 1, "create_time": "2018-10-21T06:05:52Z", "last_updated_time": "2018-10-21T06:05:52Z"}}, {"model": "blog.blog", "pk": 36, "fields": {"title": "for 35", "blog_type": 1, "content": "xxxxxxxx: 35", "author": 1, "create_time": "2018-10-21T06:05:52Z", "last_updated_time": "2018-10-21T06:05:52Z"}}, {"model": "blog.blog", "pk": 37, "fields": {"title": "for 36", "blog_type": 1, "content": "xxxxxxxx: 36", "author": 1, "create_time": "2018-10-21T06:05:52Z", "last_updated_time": "2018-10-21T06:05:52Z"}}, {"model": "blog.blog", "pk": 38, "fields": {"title": "for 37", "blog_type": 1, "content": "xxxxxxxx: 37", "author": 1, "create_time": "2018-10-21T06:05:52Z", "last_updated_time": "2018-10-21T06:05:52Z"}}, {"model": "blog.blog", "pk": 39, "fields": {"title": "for 38", "blog_type": 1, "content": "xxxxxxxx: 38", "author": 1, "create_time": "2018-10-21T06:05:52Z", "last_updated_time": "2018-10-21T06:05:52Z"}}, {"model": "blog.blog", "pk": 40, "fields": {"title": "for 39", "blog_type": 1, "content": "xxxxxxxx: 39", "author": 1, "create_time": "2018-10-21T06:05:52Z", "last_updated_time": "2018-10-21T06:05:52Z"}}, {"model": "blog.blog", "pk": 41, "fields": {"title": "\u7b2c\u4e00\u7bc7\u535a\u5ba2", "blog_type": 2, "content": "<p>sadasdasdasdasdad<img alt=\"cheeky\" src=\"http://localhost:8000/static/ckeditor/ckeditor/plugins/smiley/images/tongue_smile.png\" style=\"height:23px; width:23px\" title=\"cheeky\" /><img alt=\"blush\" src=\"http://localhost:8000/static/ckeditor/ckeditor/plugins/smiley/images/embarrassed_smile.png\" style=\"height:23px; width:23px\" title=\"blush\" /></p>", "author": 1, "create_time": "2018-11-02T17:57:29Z", "last_updated_time": "2018-11-02T17:57:29Z"}}, {"model": "blog.blog", "pk": 42, "fields": {"title": "\u7b2c\u4e8c\u7bc7\u535a\u5ba2", "blog_type": 3, "content": "<p><img alt=\"kiss\" src=\"http://localhost:8000/static/ckeditor/ckeditor/plugins/smiley/images/kiss.png\" style=\"height:23px; width:23px\" title=\"kiss\" /><img alt=\"kiss\" src=\"http://localhost:8000/static/ckeditor/ckeditor/plugins/smiley/images/kiss.png\" style=\"height:23px; width:23px\" title=\"kiss\" /><img alt=\"kiss\" src=\"http://localhost:8000/static/ckeditor/ckeditor/plugins/smiley/images/kiss.png\" style=\"height:23px; width:23px\" title=\"kiss\" /></p>", "author": 1, "create_time": "2018-11-02T17:57:50Z", "last_updated_time": "2018-11-02T17:57:50Z"}}, {"model": "comment.comment", "pk": 1, "fields": {"content_type": 7, "object_id": 1, "text": "<p>hhhhhhhh</p>", "comment_time": "2018-10-28T06:50:49Z", "user": 1, "root": null, "parent": null, "reply_to": null}}, {"model": "comment.comment", "pk": 2, "fields": {"content_type": 7, "object_id": 1, "text": "<p>gfgdgfdgd</p>", "comment_time": "2018-10-30T09:11:02Z", "user": 1, "root": 1, "parent": 1, "reply_to": 1}}, {"model": "comment.comment", "pk": 3, "fields": {"content_type": 7, "object_id": 1, "text": "<p>11.3</p>", "comment_time": "2018-11-02T16:45:48Z", "user": 1, "root": null, "parent": null, "reply_to": null}}, {"model": "comment.comment", "pk": 4, "fields": {"content_type": 7, "object_id": 41, "text": "<p>\u56de\u590d\u6d4b\u8bd5001<img alt=\"heart\" height=\"23\" src=\"http://localhost:8000/static/ckeditor/ckeditor/plugins/smiley/images/heart.png\" title=\"heart\" width=\"23\" /><img alt=\"heart\" height=\"23\" src=\"http://localhost:8000/static/ckeditor/ckeditor/plugins/smiley/images/heart.png\" title=\"heart\" width=\"23\" /></p>", "comment_time": "2018-11-03T15:46:12Z", "user": 1, "root": null, "parent": null, "reply_to": null}}, {"model": "comment.comment", "pk": 5, "fields": {"content_type": 7, "object_id": 41, "text": "<p>\u8bc4\u8bba\u6d4b\u8bd5001 + \u5f02\u6b65\u53d1\u90ae\u4ef6\u6d4b\u8bd5001</p>", "comment_time": "2018-11-03T15:58:27Z", "user": 1, "root": 4, "parent": 4, "reply_to": 1}}, {"model": "comment.comment", "pk": 6, "fields": {"content_type": 7, "object_id": 41, "text": "<p>\u8bc4\u8bba\u6d4b\u8bd5002 + \u5f02\u6b65\u90ae\u4ef6002</p>", "comment_time": "2018-11-03T15:59:01Z", "user": 1, "root": null, "parent": null, "reply_to": null}}, {"model": "comment.comment", "pk": 7, "fields": {"content_type": 7, "object_id": 41, "text": "<p>\u8bc4\u8bba\u6d4b\u8bd5003&nbsp; \u6d88\u9664HTML\u683c\u5f0f</p>", "comment_time": "2018-11-03T16:14:37Z", "user": 1, "root": null, "parent": null, "reply_to": null}}, {"model": "comment.comment", "pk": 8, "fields": {"content_type": 7, "object_id": 41, "text": "<p>\u8bc4\u8bba\u6d4b\u8bd5004 \u4f7f\u7528from django.template.loader import render_to_string #\u7528\u6765\u52a0\u8f7d\u53d1\u9001\u90ae\u4ef6\u91cc\u8bc4\u8bba\u7684html</p>", "comment_time": "2018-11-03T16:23:19Z", "user": 1, "root": null, "parent": null, "reply_to": null}}, {"model": "comment.comment", "pk": 9, "fields": {"content_type": 7, "object_id": 41, "text": "<p>\u8bc4\u8bba\u6d4b\u8bd51111111111</p>", "comment_time": "2018-11-08T08:34:43Z", "user": 1, "root": null, "parent": null, "reply_to": null}}, {"model": "likes.likerecord", "pk": 1, "fields": {"content_type": 7, "object_id": 1, "user": 1, "liked_time": "2018-10-28T06:50:43Z"}}, {"model": "likes.likerecord", "pk": 2, "fields": {"content_type": 11, "object_id": 1, "user": 1, "liked_time": "2018-10-28T06:50:54Z"}}, {"model": "likes.likerecord", "pk": 3, "fields": {"content_type": 11, "object_id": 2, "user": 1, "liked_time": "2018-10-30T09:11:06Z"}}, {"model": "likes.likerecord", "pk": 4, "fields": {"content_type": 7, "object_id": 41, "user": 1, "liked_time": "2018-11-02T17:58:28Z"}}, {"model": "user.profile", "pk": 1, "fields": {"user": 1, "nickname": "\u9ad8\u539f"}}, {"model": "admin.logentry", "pk": 1, "fields": {"action_time": "2018-10-21T05:50:46Z", "user": 1, "content_type": 8, "object_id": "1", "object_repr": "Django", "action_flag": 1, "change_message": "[{\"added\": {}}]"}}, {"model": "admin.logentry", "pk": 2, "fields": {"action_time": "2018-10-21T05:50:55Z", "user": 1, "content_type": 8, "object_id": "2", "object_repr": "\u611f\u609f", "action_flag": 1, "change_message": "[{\"added\": {}}]"}}, {"model": "admin.logentry", "pk": 3, "fields": {"action_time": "2018-10-21T05:51:04Z", "user": 1, "content_type": 8, "object_id": "3", "object_repr": "\u968f\u7b14", "action_flag": 1, "change_message": "[{\"added\": {}}]"}}, {"model": "admin.logentry", "pk": 4, "fields": {"action_time": "2018-11-02T17:57:29Z", "user": 1, "content_type": 7, "object_id": "41", "object_repr": "<Blog: \u7b2c\u4e00\u7bc7\u535a\u5ba2>", "action_flag": 1, "change_message": "[{\"added\": {}}]"}}, {"model": "admin.logentry", "pk": 5, "fields": {"action_time": "2018-11-02T17:57:50Z", "user": 1, "content_type": 7, "object_id": "42", "object_repr": "<Blog: \u7b2c\u4e8c\u7bc7\u535a\u5ba2>", "action_flag": 1, "change_message": "[{\"added\": {}}]"}}]